image,original_filename,google_drive_id,bytes,sha256
pic01.jpg,20261010_053144594.jpg,1A2OhEfAblY8HwFD5f5wv3ewafO6jQW1x,835161,bdc3f60f7786c25ebb54ac1bb402533f10d147d9c4a2e5be07979e5593393ce8
pic02.jpg,20261010_053155765.jpg,1OTz0NC9_WlukS3mFOlvsM0SZodZ0CLkN,810888,63486846ab9015f65fe0ae9c89b929910880e1f6f958417e97198eac179da1cc
pic03.jpg,20261010_053202786.jpg,1iZb7STecRDmYUvlcmfBN8yAY7I28X33K,987547,4b506ca72de0216f80e2f5a153c59b114e04282cf0b94a28504a67c7811ac415
pic04.jpg,20261010_053212967.jpg,1wL1wp5Ir6nBZX9K-Sv8avklrQGr9olnc,874702,0ed88d8702e1bb696fe31e834fbe913682a80737e4f4934971792d8041f6eb5b
pic05.jpg,20261010_053219366.jpg,1QQW7dN2PRppqY9__aX79GTDCCpJmFX82,792860,9d4539668a95253fa83444cafd5b7bff80efd0af217e8d505240d0ed116f7825
pic06.jpg,20261010_053229304.jpg,18s3_qFhpJs6oQUxsfqVu7ziCNg2QUiPo,695025,56439cad10343de9408db45ba067ffa5fd0e7e739176609481a12929ea97002b
pic07.jpg,20261010_053234720.jpg,1Pp9WVZcTXVS9gzJM1tFQPsh7_sxS23wF,913267,c076f0f69b1b8f32de2fcc29b5d5ec0b6ed6b51d5dc0bccc8c73a524a329cad5
pic08.jpg,20261010_053246080.jpg,1GZcJ_VQzWVUKuz2fwknhDLM7IHBZDHFi,1040055,a72d3f3e6da03df0ce4bc22c1730c5c40d6e65d6b9582bca80257de7e84afbd0
pic09.jpg,20261010_053251011.jpg,1JKICEMSVp1NI95k5Mtggk25NZ4jq4STa,813890,9d62c01f8b04f8881330b6a3cf9ff86282052f9fa3d7edfa5d2384e036a00532
pic10.jpg,20261010_053302370.jpg,1BsSDH5Axxjaa5Fqe6B1Q_1K9eWpfRB-D,834566,c981cf1da51e916dde52bd5f8a4f97e78c249a5de89808427adbe3202440afaf
pic11.jpg,20261010_053310987.jpg,1AGLNxIWmKvKYjIJqLI9Ib3v-NxiQJJlY,929128,50f7d18328c9f1dc4c965438df84ffd53988be774e18885a0bab8b1072b1b85a
pic12.jpg,20261010_053320834.jpg,1XlFdSqvGPhLvbUz12VmXMGJUthqA4mPk,963009,f8da48548950f249c3753b143c038a9e1fcf58e50403f84584d6437c28c7812e
pic13.jpg,20261010_053325513.jpg,1_br9dIcMgr56SKfYJGXNyKsOxuR9k72S,881824,307a2eaf618561e3b36571fbacfc3eebe2446d6e0be5bed8c75ae470e3fed89c
pic14.jpg,20261010_053336054.jpg,1nqIV9REfiXw-OyEfNZwSzKEKTy-xrFhJ,907308,1ecc2261cd83d77c79525c42116a648dcca470ce46e5bbe5ee8d5321edf9f68c
pic15.jpg,20261010_053340605.jpg,1uMB6qYyuQ4TfAHrmrS9s6uJyqkx2Rys1,747120,d69ab38676053788f0f30fc38c01de00acd9d7ada88e8ff21f8d0f294c755e07
pic16.jpg,20261010_053349895.jpg,1Dbbq4irnRFTn4fwTkjf4T2T9Bc77MdS5,783884,079b23ceb085370955accbb9e297dd102bd9004528d8fb25dd973ccca12d952d
pic17.jpg,20261010_053354881.jpg,1v5E7VdWfHVT5Rk-Iko-6kK0_MxhG908_,853433,b597c91510dd2b79ddd481c5167097c56608049589d17a0c7d18a65fe12bbb6d
